{"cameraMode":{"drawMode":0,"name":"Shaded","section":"Shading Mode"},"sceneLighting":true,"audioPlay":false,"sceneViewState":{"showFog":true,"showMaterialUpdate":false,"showSkybox":true,"showFlares":true,"showImageEffects":true,"showParticleSystems":true},"in2DMode":false,"pivot":{"x":4.8514790534973148,"y":0.9999999403953552,"z":1.2096092700958253},"rotation":{"x":-0.07053551077842713,"y":0.756776750087738,"z":-0.0828186422586441,"w":-0.6445738077163696},"size":5.199490547180176,"orthographic":true}