{"cameraMode":{"drawMode":0,"name":"Shaded","section":"Shading Mode"},"sceneLighting":true,"audioPlay":false,"sceneViewState":{"showFog":true,"showMaterialUpdate":false,"showSkybox":true,"showFlares":true,"showImageEffects":true,"showParticleSystems":true},"in2DMode":false,"pivot":{"x":8.604575157165528,"y":2.212024211883545,"z":-2.2666940689086916},"rotation":{"x":-0.05735638365149498,"y":0.14454203844070435,"z":-0.008397049270570279,"w":-0.9878039956092835},"size":17.9469051361084,"orthographic":true}